tieu_de,noi_dung,nhan
"Báo động: Ăn tỏi chữa bách bệnh, ung thư cũng khỏi!",Bài thuốc bí truyền từ tỏi đen giúp chữa mọi loại bệnh tật...,0
Bộ Y tế khuyến cáo tiêm vắc xin phòng cúm mùa,"Để phòng ngừa dịch bệnh mùa đông xuân, người dân nên chủ động...",1
CẤP BÁCH: Chuyển tiền ngay vào quỹ hỗ trợ người cao tuổi để nhận x3 tiền lãi!!!,Cơ hội duy nhất trong ngày! Bấm vào link và chuyển khoản ngay để...,0
Hà Nội: Dự báo thời tiết cuối tuần có mưa dông,Trung tâm Khí tượng Thủy văn cho biết cuối tuần này nhiệt độ giảm...,1
Phát hiện thuốc tiên chữa dứt điểm tiểu đường chỉ trong 1 đêm,"Không cần đến bệnh viện, chỉ cần uống loại lá này là hết bệnh...",0
Cách nhận biết các tin nhắn lừa đảo qua mạng xã hội,"Theo các chuyên gia an ninh mạng, tuyệt đối không bấm vào link lạ...",1
Bí mật động trời: Nước chanh nóng tiêu diệt virus 100%!,Chia sẻ ngay kẻo lỡ! Chanh nóng pha mật ong diệt sạch virus...,0
Khởi tố nhóm đối tượng lừa đảo chiếm đoạt tài sản qua mạng,Công an đã bắt giữ nhóm đối tượng chuyên gọi điện giả danh...,1
"MIỄN PHÍ: Nhận ngay 500k từ ngân hàng, bấm link để nhận!!!","Chương trình ưu đãi đặc biệt chỉ hôm nay, chuyển khoản xác nhận...",0
Hội thảo sức khỏe người cao tuổi tại Trung tâm Y tế Quận 1,Hội thảo miễn phí với sự tham gia của các bác sĩ đầu ngành...,1
"SĐT 0931207366 đã trúng 1 chiếc iPhone 17, vui lòng nhấn vào link bên dưới để nh","SĐT 0931207366 đã trúng 1 chiếc iPhone 17, vui lòng nhấn vào link bên dưới để nhập thông tin nhận thưởng http://localhost:8501/",0
CHÚC MỪNG: Chủ thuê bao 0912xxxxxx đã may mắn trúng giải Nhất chương trình tri â,CHÚC MỪNG: Chủ thuê bao 0912xxxxxx đã may mắn trúng giải Nhất chương trình tri ân khách hàng: 1 chiếc xe máy Honda SH 125i. Vui lòng truy cập ngay website http://tri-an-vng.com để làm thủ tục nhận xe trước 24h ngày hôm nay.,0
Ông Nguyễn Anh Tuấn tái đắc cử Chủ tịch Tổng Liên đoàn Lao động Việt Nam,"Ông Nguyễn Anh Tuấn tái đắc cử Chủ tịch Tổng Liên đoàn Lao động Việt Nam nhiệm kỳ 2026-2031, tiếp tục lãnh đạo tổ chức công đoàn trong giai đoạn đổi mới bộ máy và nâng cao vai trò đại diện người lao động.",1
Loạt hồ điều hòa chống ngập ở Hà Nội sắp hoàn thành,"Nhiều dự án hồ điều hòa chống ngập tại Hà Nội đã đạt khoảng 90% khối lượng thi công, chuẩn bị đưa vào vận hành trong mùa mưa bão để hỗ trợ thoát nước và giảm ngập.",1
Sống khổ trong dinh thự trăm tuổi ở miền Tây,"Mỗi mùa mưa, bà Ngà đặt gần 50 xô chậu hứng nước dột trong tòa nhà gần 100 năm tuổi ở Tây Ninh, không thể tự sửa những chỗ hư hỏng vì công trình thuộc diện bảo tồn.",1
Cao tốc trục ngang miền Tây thiếu hơn 3 triệu m3 cát,"Cao tốc Châu Đốc - Cần Thơ - Sóc Trăng cần hơn 3,4 triệu m3 cát trước tháng 8 để gia tải nền đường, song nguồn cung thiếu, nguy cơ khó hoàn thành vào giữa năm tới.",1
Bài học tái chế phế thải xây dựng từ Nhật Bản và Singapore,"Thay vì coi phế thải xây dựng là rác đem đi đổ bỏ, Nhật Bản và Singapore xem đây là nguồn vật liệu thứ cấp quý giá có thể tái sử dụng cho ngành xây dựng.",1
Người dân vây bắt cá sấu bò trên quốc lộ,"Cá sấu dài khoảng một mét, chừng 20 kg bò giữa quốc lộ 1, đoạn qua phường Hố Nai, khiến nhiều người đi đường hoảng sợ, tối 4/6.",1
Đà Nẵng đề xuất chuyển ga đường sắt tốc độ cao sang xã Bà Nà,"Sở Xây dựng Đà Nẵng đề xuất dịch chuyển ga hành khách đường sắt tốc độ cao Bắc - Nam khoảng 5 km nhằm giảm chi phí đầu tư và tạo dư địa phát triển đô thị, logistics.",1
Chính phủ yêu cầu đánh giá chi phí xã hội nếu dời ga Hà Nội,"Phó thủ tướng Thường trực Phạm Gia Túc yêu cầu đánh giá toàn diện tác động đến vận tải, chi phí xã hội, giao thông và hoạt động của ngành đường sắt trước đề xuất chuyển ga đầu mối từ ga Hà Nội về Ngọc Hồi.",1
Chuyên gia vật lý địa cầu tìm dấu vết mộ tập thể liệt sĩ ở Quảng Ngãi,"Nhóm chuyên gia Đại học Khoa học Tự nhiên TP HCM dùng radar xuyên đất xác định các dị thường dưới mặt đường Trường Chinh, phục vụ tìm kiếm hài cốt liệt sĩ.",1
Thuốc mới giúp 'lột áo tàng hình' của tế bào ung thư,"Một loại thuốc thử nghiệm dạng viên giúp tế bào ung thư không thể né tránh hệ miễn dịch, cho kết quả tích cực ở nhiều loại ung thư.",1
"Khi không còn là ‘thành phố trẻ’, TP.HCM thích ứng già hóa dân số ra sao?","TP.HCM đang bước vào 'cuộc đua' thời gian, khi chỉ hơn hai thập niên tới có thể chuyển sang giai đoạn 'siêu già' với hơn 30% dân số là người trên 60 tuổi. Nghị quyết 09 của Bộ Chính trị yêu cầu TP chủ động thích ứng già hóa dân số.",1
"BVĐK Tâm Anh ghép thận thành công, hoàn thiện năng lực điều trị bệnh thận toàn diện","Hệ thống Bệnh viện Đa khoa Tâm Anh triển khai thành công liên tiếp hai ca ghép thận cho hai bệnh nhân trẻ suy thận giai đoạn cuối, chính thức ghi dấu trên bản đồ ghép tạng Việt Nam.",1
"Đi ngoài ra máu, triệu chứng ung thư trực tràng dễ nhầm với bệnh trĩ","Đi ngoài có lẫn máu nhưng nghĩ rằng chỉ là bệnh trĩ thông thường nên ông N.Đ.D. (42 tuổi, Hà Nội) tự điều trị. Một tháng sau khi tình trạng không cải thiện, ông mới đến Bệnh viện K khám và phát hiện mắc ung thư trực tràng.",1
Đề xuất người từ 75 tuổi trở lên được hưởng 100% chi phí khám chữa bệnh BHYT,"BHXH TP.HCM đề xuất người từ đủ 75 tuổi trở lên có thẻ bảo hiểm y tế (BHYT) được hưởng 100% chi phí khám chữa bệnh trong phạm vi quyền lợi, nhằm bảo đảm công bằng trong thụ hưởng chính sách, tăng cường chăm sóc sức khỏe người cao tuổi.",1
Thu hồi toàn quốc lô sản phẩm sữa tắm nước hoa Xmen for boss Intense vi phạm,"Cục Quản lý dược, Bộ Y tế vừa có quyết định đình chỉ lưu hành, thu hồi trên toàn quốc hai lô sản phẩm sữa tắm nước hoa Xmen for boss Intense chai 180g và nước rửa tay bảo vệ da sạch tay làm bếp Botanika chai 500g.",1
Chế độ ăn uống có thể làm tăng nguy cơ gây tác dụng phụ khi uống thuốc,"Nhiều người bệnh lo ngại khi sử dụng thuốc sẽ gây tác dụng phụ, ảnh hưởng lâu dài đến sức khỏe. Theo các chuyên gia, tác dụng phụ là phản ứng không mong muốn xảy ra khi dùng thuốc ở liều thông thường và có nhiều yếu tố gây nên tình trạng này.",1
Tin tức sáng 2-6: TP.HCM điều động nhân viên y tế tuyến trên về cơ sở tối đa 12 tháng,"Tin tức đáng chú ý: TP.HCM điều động nhân viên y tế tuyến trên về cơ sở tối đa 12 tháng; Đề xuất tái sử dụng đất, đá, bê tông, gạch thải từ hoạt động xây dựng; Cà Mau phát WiFi miễn phí tại quảng trường Hùng Vương...",1
Thuốc ung thư -'Tấm vé' sống đắt đỏ - Kỳ 2: Đánh cược vào thuốc xách tay hay chi tiền tỉ xuất ngoại?,"Bước vào vòng xoáy sinh tử của căn bệnh ung thư, liệu thuốc xách tay giá rẻ trôi nổi hay giải pháp xuất ngoại chữa bệnh mới thực sự là lối thoát?",1
Bệnh nhi ung thư hỏi hoa hậu Trần Tiểu Vy 'sao cô không mang giày cao gót?',Nụ cười đã rạng rỡ hơn trên gương mặt các bệnh nhi ung thư đang điều trị tại Bệnh viện Ung bướu TP.HCM khi được đón những nhà hảo tâm đến thăm và sẻ chia yêu thương trong Ngày Quốc tế thiếu nhi 1-6.,1
"Cưng chiều trẻ con không đúng cách, tưởng là thương nhưng lại đang hại con","Cha mẹ nào cũng yêu thương con, nhưng việc cưng chiều không đúng chỗ sẽ tạo một đứa trẻ chỉ biết hưởng thụ, dựa dẫm và thiếu kỹ năng thích nghi với cuộc sống.",1
TP.HCM đề xuất bổ sung hơn 1.800 nhân viên y tế cho các trạm y tế,"TP.HCM kiến nghị Bộ Y tế quan tâm, đề xuất Bộ Nội vụ bổ sung 1.875 biên chế sự nghiệp y tế cho thành phố nhằm đáp ứng nhu cầu nhân lực thực tế tại hệ thống trạm y tế để chăm sóc sức khỏe người dân.",1
"Cơ sở 2 Bệnh viện Nhi Trung ương chính thức đi vào hoạt động, giảm tải cho tuyến cuối nhi khoa","Với quy mô giai đoạn đầu 300 giường bệnh nội trú và khả năng tiếp nhận 1.000 - 1.500 lượt khám ngoại trú mỗi ngày, cơ sở 2 Bệnh viện Nhi Trung ương được kỳ vọng giúp giảm tải cho cơ sở chính, tăng cơ hội tiếp cận dịch vụ y tế chất lượng cho trẻ em.",1
TP.HCM khởi động chương trình nâng năng lực cho Trung tâm Y tế khu vực Hồ Tràm,"Trước thực trạng Trung tâm Y tế khu vực Hồ Tràm còn thiếu hụt nhân lực, nhu cầu khám chữa bệnh của người dân ngày càng tăng, Sở Y tế TP.HCM đã huy động 4 bệnh viện đầu ngành chi viện cho đơn vị này.",1
Sống khỏe đang trở thành “lifestyle” mới của người Việt,"Không đợi đến khi bệnh tật xuất hiện, ngày càng nhiều người lựa chọn chủ động chăm sóc sức khỏe thông qua chế độ dinh dưỡng hợp lý và vận động thường xuyên.",1
Một giấc ngủ ngon giúp loại bỏ độc tố trong não,"Một nghiên cứu tổng quan mới cho thấy giấc ngủ không chỉ giúp cơ thể nghỉ ngơi mà còn đóng vai trò như ""ca đêm"" của não bộ, thực hiện nhiệm vụ loại bỏ các chất thải tích tụ trong ngày.",1
Thuốc ung thư - 'tấm vé' sống đắt đỏ - Kỳ 1: Cuộc chiến bào mòn cơ thể lẫn tiền nong,"Để chạm tay vào những liều thuốc trúng đích, liệu pháp miễn dịch đang được coi là ""phao cứu sinh"" kéo dài sự sống từng ngày, kết hợp cùng hóa trị và xạ trị, người bệnh ung thư phải đánh đổi bằng số tiền từ hàng chục đến gần trăm triệu đồng mỗi tháng.",1
Mắc tiền đái tháo đường có cần uống thuốc?,"Nhiều người khi nhận kết quả khám sức khỏe bị tiền đái tháo đường thường lo lắng rằng bệnh chắc chắn sẽ tiến triển thành đái tháo đường và phải điều trị bằng thuốc ngay. Tuy nhiên, thực tế không phải tất cả bệnh nhân đều phải dùng thuốc.",1
"Thuốc thử nghiệm giúp bệnh nhân ung thư tụy di căn sống lâu hơn, hy vọng thay đổi cách điều trị sớm","Một loại thuốc viên dạng uống thử nghiệm đã được chứng minh giúp bệnh nhân ung thư tụy di căn sống lâu hơn gần gấp đôi so với hóa trị, đồng thời mở ra hy vọng điều trị hiệu quả hơn từ giai đoạn sớm.",1
Giám đốc WHO báo tin vui: 5 bệnh nhân Ebola đã hồi phục ở Congo,"Trong chuyến thăm thành phố Bunia ở miền đông CHDC Congo, Tổng giám đốc WHO Tedros Adhanom Ghebreyesus thông báo 5 bệnh nhân nhiễm Ebola do chủng Bundibugyo đã khỏi bệnh, mang lại hy vọng giữa lúc dịch bệnh vẫn diễn biến phức tạp.",1
Người tạm trú tại TP.HCM có được khám sức khỏe định kỳ miễn phí?,Sở Y tế TP.HCM thông tin mọi công dân Việt Nam đang sinh sống thực tế trên địa bàn TP.HCM (bao gồm cả người có đăng ký thường trú và tạm trú) đều hưởng chính sách khám sức khỏe định kỳ miễn phí tại TP.,1
Cục An toàn thực phẩm cảnh báo người tiêu dùng cẩn trọng với các thông tin quảng,Cục An toàn thực phẩm cảnh báo người tiêu dùng cẩn trọng với các thông tin quảng cáo thực phẩm chức năng có dấu hiệu thổi phồng công dụng như thần dược chữa bách bệnh.,1
Nhận ngay 1 triệu đồng khi tải ứng dụng này,"Cơ hội có 1-0-2, tải ngay ứng dụng để nhận tiền mặt chuyển thẳng vào tài khoản ngân hàng.",0
"Cảnh sát giao thông phạt nguội, nộp tiền ngay",Phương tiện của bạn đã vi phạm luật giao thông. Vui lòng chuyển khoản vào số tài khoản sau để đóng phạt nếu không sẽ bị khóa xe.,0
Khóa SIM sau 2 giờ nữa nếu không nâng cấp,Thuê bao của bạn sẽ bị khóa 2 chiều. Nhấn vào đường link sau và nhập mã OTP để xác thực thông tin chính chủ.,0
"Thuốc đông y gia truyền trị dứt điểm tiểu đường, huyết áp","Chỉ 1 liệu trình duy nhất, cam kết khỏi bệnh 100%, không khỏi hoàn tiền. Bà con gọi ngay số điện thoại...",0
Cục cảnh sát thông báo bạn liên quan đến đường dây rửa tiền,Yêu cầu ông/bà chuyển toàn bộ tiền trong sổ tiết kiệm vào tài khoản tạm giữ của cơ quan điều tra để xác minh.,0
Nhà mạng tặng 500k tiền cước,Soạn tin nhắn theo cú pháp này gửi tổng đài để nhận ngay 500 ngàn đồng vào tài khoản khuyến mãi.,0
Tin buồn: MC nổi tiếng vừa qua đời vì đột quỵ,Bấm vào link để xem video clip chi tiết phút cuối đời của nghệ sĩ...,0
"Việc nhẹ lương cao, ngồi nhà xem video nhận 500k/ngày","Chỉ cần thả tim Tiktok, xem Youtube là có tiền. Đăng ký tham gia ngay bằng cách nhắn tin qua Zalo...",0
Bạn đã trúng thưởng iPhone 15 Pro Max,Xin chúc mừng! Số điện thoại của bạn đã may mắn trúng giải đặc biệt. Vui lòng nộp phí đóng thuế 2 triệu để nhận quà.,0
Chữa đau nhức xương khớp tận gốc,"Nhà tôi 3 đời chữa xương khớp. Uống 1 liều là đi lại băng băng, khỏi bệnh tức thì không cần đi viện.",0
"Cho vay tín chấp lãi suất 0%, không cần thế chấp","Giải ngân trong 5 phút. Tải app vay tiền nhanh, chỉ cần CMND, không thẩm định người thân.",0
Đầu tư chứng khoán quốc tế siêu lợi nhuận,"Chuyên gia tài chính phím hàng, cam kết lợi nhuận 300%/tháng. Tham gia nhóm VIP Telegram ngay.",0
Con bạn đang cấp cứu ở bệnh viện Chợ Rẫy,"Cháu bị tai nạn giao thông rất nặng, giáo viên chủ nhiệm yêu cầu phụ huynh chuyển gấp 50 triệu để làm thủ tục mổ.",0
Cơ quan thuế yêu cầu cài đặt ứng dụng nộp thuế,"Để hỗ trợ người dân nộp thuế điện tử, vui lòng truy cập link này để tải file APK cài đặt ứng dụng Tổng Cục Thuế.",0
"Khuyến mãi khủng, mua bột giặt tặng tủ lạnh",Đại lý khai trương giảm giá sốc 90%. Bấm vào đây để đặt hàng trước khi hết.,0
Lá sầu riêng chữa khỏi ung thư giai đoạn cuối,"Phát hiện chấn động, chỉ cần đun nước lá sầu riêng uống thay nước lọc là khối u tự tiêu sau 1 tháng.",0
Vay tiền nhanh qua thẻ bảo hiểm y tế,"Không cần chứng minh thu nhập, đưa thẻ bảo hiểm y tế là nhận ngay 20 triệu.",0
Nhận tiền hỗ trợ dịch bệnh từ nhà nước,Truy cập đường link này và điền thông tin thẻ ngân hàng để nhận 3 triệu đồng tiền hỗ trợ hộ nghèo.,0
Bị khóa tài khoản ngân hàng vì giao dịch bất thường,Vietcombank thông báo: Tài khoản của quý khách bị đóng băng. Đăng nhập ngay vào link vcb-banking.net để mở khóa.,0
Đeo vòng phong thủy hút tài lộc trị bách bệnh,"Vòng tay làm từ đá thiên thạch có khả năng phát tia hồng ngoại tiêu diệt tế bào xấu, mang lại may mắn trúng số.",0
Cục An ninh mạng và Phòng chống tội phạm công nghệ cao đưa ra hướng dẫn 3 không ,"Cục An ninh mạng và Phòng chống tội phạm công nghệ cao đưa ra hướng dẫn 3 không dành cho người dân: Không bấm vào link lạ, không cung cấp mã OTP, và không chuyển tiền cho người lạ.",1
Công an TP.HCM thông báo vừa triệt phá và bắt giữ một nhóm đối tượng chuyên gọi ,Công an TP.HCM thông báo vừa triệt phá và bắt giữ một nhóm đối tượng chuyên gọi điện giả danh nhân viên ngân hàng để lừa đảo chiếm đoạt tài sản qua mạng.,0
Trung tâm Dự báo Khí tượng Thủy văn Quốc gia cho biết cuối tuần này khu vực Bắc ,"Trung tâm Dự báo Khí tượng Thủy văn Quốc gia cho biết cuối tuần này khu vực Bắc Bộ đón một đợt không khí lạnh tăng cường, nhiệt độ giảm sâu, người già và trẻ nhỏ cần giữ ấm.",1
"Tổng công ty Điện lực thông báo lịch tạm ngừng cấp điện để bảo trì, sửa chữa lướ","Tổng công ty Điện lực thông báo lịch tạm ngừng cấp điện để bảo trì, sửa chữa lưới điện định kỳ tại khu vực quận một vào ngày chủ nhật tới",1
"Báo điện tử Chính phủ: Từ ngày đầu tháng sau, chính sách điều chỉnh tăng lương h","Báo điện tử Chính phủ: Từ ngày đầu tháng sau, chính sách điều chỉnh tăng lương hưu và trợ cấp bảo hiểm xã hội đối với các đối tượng bảo trợ sẽ chính thức có hiệu lực.",1
Báo sức khỏe đời sống: Các bác sĩ khuyến cáo người cao tuổi không nên tự ý mua c,Báo sức khỏe đời sống: Các bác sĩ khuyến cáo người cao tuổi không nên tự ý mua các loại thuốc đông y không rõ nguồn gốc rao bán trên mạng xã hội để tránh tiền mất tật mang,1
Quà tặng tri ân Ngày của Mẹ! Nhận ngay một bộ nồi chiên không dầu cao cấp miễn p,"Quà tặng tri ân Ngày của Mẹ! Nhận ngay một bộ nồi chiên không dầu cao cấp miễn phí từ Sunhouse. Số lượng có hạn chỉ còn 10 suất cuối cùng, nhanh tay đăng ký tại: http://sunhouse-free.net/",0
CỤC ĐƯỜNG BỘ thông báo: Phương tiện của ông/bà có biên bản phạt nguội vi phạm gi,CỤC ĐƯỜNG BỘ thông báo: Phương tiện của ông/bà có biên bản phạt nguội vi phạm giao thông quá hạn thanh toán. Nếu không nộp phạt trước 24h sẽ bị phong tỏa tài khoản ngân hàng. Tra cứu biên bản tại: http://phatnguoi-canhsat.gov-vn.info,0
TÒA ÁN NHÂN DÂN TP.HCM thông báo: Lệnh bắt giam khẩn cấp đối với số CMND/CCCD củ,TÒA ÁN NHÂN DÂN TP.HCM thông báo: Lệnh bắt giam khẩn cấp đối với số CMND/CCCD của bạn vì liên quan đến đường dây rửa tiền xuyên quốc gia. Yêu cầu bấm vào link http://xacminh-bocongan.com để khai báo số dư tài khoản nhằm chứng minh vô tội,0
CẤP BÁCH: Tài khoản ngân hàng của bạn vừa bị trừ 25.000.000 VND cho hóa đơn than,"CẤP BÁCH: Tài khoản ngân hàng của bạn vừa bị trừ 25.000.000 VND cho hóa đơn thanh toán mua sắm trực tuyến. Nếu giao dịch này có gian lận, hãy click ngay http://nganhang-khieunai.com để hủy giao dịch và đóng băng thẻ khẩn cấp.",0
Cơ quan Bảo hiểm Xã hội Việt Nam: Phát hiện đồng chí có sai lệch thông tin đóng ,Cơ quan Bảo hiểm Xã hội Việt Nam: Phát hiện đồng chí có sai lệch thông tin đóng trợ cấp hưu trí. Vui lòng tải ứng dụng VSSID và cập nhật bản mới nhất tại link http://baohiemxahoi-vssid.apk để không bị mất quyền lợi hưu tháng này.,0
Thông báo từ Điện máy XANH: Cô/Chú là một trong số ít khách hàng may mắn nhận đư,Thông báo từ Điện máy XANH: Cô/Chú là một trong số ít khách hàng may mắn nhận được phiếu mua hàng trị giá 5.000.000đ hoàn toàn miễn phí. Đăng ký xác nhận địa chỉ giao quà tại: http://dienmayxanh-quatang.xyz,0
CỤC ĐƯỜNG BỘ thông báo: Phương tiện của ông/bà có biên bản phạt nguội vi phạm gi,CỤC ĐƯỜNG BỘ thông báo: Phương tiện của ông/bà có biên bản phạt nguội vi phạm giao thông quá hạn thanh toán. Nếu không nộp phạt trước 24h sẽ bị phong tỏa tài khoản ngân hàng. Tra cứu biên bản tại: http://phatnguoi-canhsat.gov-vn.info,0
CẤP BÁCH: Tài khoản ngân hàng của bạn sắp bị khóa!,Vui lòng xác minh ngay bằng cách truy cập đường link bên dưới...,0
Chúc mừng! Bạn đã trúng iPhone 18 Pro Max miễn phí,Nhấn vào liên kết để nhận thưởng trước khi hết hạn hôm nay...,0
Cảnh báo từ Bộ Công An: Cần cập nhật CCCD trực tuyến ngay,Điền đầy đủ thông tin cá nhân và số tài khoản để xác thực...,0
Nhận 50 triệu đồng hỗ trợ người cao tuổi,Chương trình bí mật dành riêng cho công dân may mắn hôm nay...,0
Khẩn cấp: SIM điện thoại của bạn sẽ bị thu hồi,Đăng nhập vào hệ thống và nhập mã OTP để giữ số điện thoại...,0
Đầu tư 1 triệu nhận 10 triệu sau 24 giờ,Cam kết lợi nhuận tuyệt đối từ quỹ đầu tư quốc tế...,0
Ngân hàng MB hoàn tiền 100% cho khách hàng,Truy cập website bên dưới để nhận ưu đãi đặc biệt...,0
Thông báo nhận quà từ chương trình tri ân khách hàng,Bạn được chọn ngẫu nhiên để nhận phần thưởng giá trị cao...,0
Vaccine mới giúp chữa khỏi mọi bệnh ung thư,Các chuyên gia quốc tế đã xác nhận hiệu quả 100%...,0
Ăn lá đu đủ mỗi ngày giúp trẻ mãi không già,Phương pháp được giữ bí mật bởi các tỷ phú thế giới...,0
Chính phủ phát tiền miễn phí cho mọi công dân,Đăng ký ngay để nhận khoản hỗ trợ lên tới 20 triệu đồng...,0
Điện lực thông báo hoàn tiền hóa đơn điện,Xác nhận tài khoản ngân hàng để nhận tiền trong hôm nay...,0
Bạn được chọn nhận học bổng quốc tế toàn phần,Chỉ cần nộp phí xác minh hồ sơ để hoàn tất thủ tục...,0
Trúng xe máy SH nhờ quay số may mắn,Thanh toán phí vận chuyển để nhận xe trong ngày...,0
Kho bạc Nhà nước phát hiện tài khoản chưa nhận tiền,Xác nhận danh tính qua liên kết được cung cấp...,0
Nhận ngay 500GB Internet miễn phí trọn đời,Ưu đãi dành cho 100 người đầu tiên đăng ký...,0
Công nghệ AI mới đọc được suy nghĩ con người,Thiết bị đang được bán với giá ưu đãi đặc biệt...,0
Ngủ 3 tiếng mỗi ngày vẫn khỏe mạnh tuyệt đối,Bí quyết từ các nhà khoa học hàng đầu thế giới...,0
Chuyển khoản 100 nghìn nhận lại 5 triệu đồng,Chương trình hỗ trợ tài chính cực kỳ uy tín...,0
Cảnh báo: Tài khoản Facebook của bạn vi phạm chính sách,Đăng nhập ngay để tránh bị khóa vĩnh viễn...,0
Nhận tiền hỗ trợ thiên tai từ Liên Hợp Quốc,Điền thông tin cá nhân để được giải ngân ngay...,0
Ngân hàng Vietcombank tặng 10 triệu cho khách hàng lâu năm,Xác nhận số tài khoản và mã OTP để nhận thưởng...,0
Đăng ký làm việc tại nhà lương 50 triệu/tháng,Không cần kinh nghiệm và không giới hạn độ tuổi...,0
Loại nước thần kỳ giúp giảm 20kg trong 7 ngày,Được các bác sĩ nổi tiếng khuyên dùng...,0
Nhận quà sinh nhật từ Google trị giá 1000 USD,Nhấn vào đường link để nhận mã quà tặng...,0
Thuốc đông y gia truyền chữa khỏi tiểu đường sau 3 ngày,Hiệu quả với mọi bệnh nhân mà không cần kiêng cữ...,0
Bạn vừa nhận được khoản hoàn thuế đặc biệt,Xác minh thông tin ngân hàng để nhận tiền...,0
Công an yêu cầu cập nhật thông tin cư trú trực tuyến,Nếu không thực hiện sẽ bị xử phạt hành chính...,0
Trúng chuyến du lịch châu Âu miễn phí,Thanh toán phí hồ sơ để xác nhận quyền lợi...,0
Ví điện tử tặng 5 triệu đồng cho người dùng mới,Đăng nhập và xác nhận tài khoản ngay hôm nay...,0
Máy lọc nước mới chữa được mọi bệnh đường ruột,Được chứng nhận bởi tổ chức y tế quốc tế bí mật...,0
Chương trình cứu trợ khẩn cấp sau dịch bệnh,Nhập số tài khoản để nhận hỗ trợ trong vòng 10 phút...,0
Bạn được chọn tham gia đầu tư cùng tỷ phú nổi tiếng,Lợi nhuận đảm bảo tối thiểu 30% mỗi ngày...,0
Nhận học bổng du học Mỹ không cần ngoại ngữ,Đóng phí xét duyệt để được ưu tiên hồ sơ...,0
Khẩn cấp: CCCD của bạn liên quan đến vụ án rửa tiền,Liên hệ ngay qua đường link để giải trình...,0
Thuốc nam chữa khỏi hoàn toàn Alzheimer,Hiệu quả chỉ sau một tuần sử dụng...,0
Chính phủ hỗ trợ vay vốn không cần trả lại,Chương trình chỉ kéo dài đến hết hôm nay...,0
Chúc mừng bạn nhận được phần thưởng bí mật,Xác minh thông tin cá nhân để mở khóa phần thưởng...,0
Đầu tư tiền điện tử lợi nhuận 500% mỗi tháng,Không rủi ro và được bảo đảm bởi chuyên gia quốc tế...,0
Khóa học làm giàu miễn phí từ triệu phú tự thân,Đăng ký ngay để nhận tài liệu độc quyền...,0
Công nghệ mới giúp tăng chiều cao 15cm sau 1 tháng,Được hàng triệu người trên thế giới tin dùng...,0
Bạn có bưu kiện quốc tế chưa nhận,Thanh toán phí hải quan để nhận hàng...,0
Ngân hàng cảnh báo giao dịch bất thường,Đăng nhập và xác minh OTP để bảo vệ tài khoản...,0
Loại trà thảo dược chữa khỏi cao huyết áp vĩnh viễn,Không cần dùng thuốc và không có tác dụng phụ...,0
Nhận thưởng từ chương trình quay số quốc gia,Bạn là người may mắn được chọn ngẫu nhiên...,0
Khoản tiền bảo hiểm chưa được chi trả,Cung cấp thông tin cá nhân để hoàn tất thủ tục...,0
Ăn chuối mỗi ngày giúp chữa khỏi ung thư gan,Nghiên cứu bí mật vừa được công bố...,0
Nhận quà tri ân từ nhà mạng,Bấm vào liên kết để xác nhận thông tin nhận quà...,0
Cập nhật sinh trắc học để tránh khóa tài khoản,Hoàn thành xác thực trong vòng 24 giờ...,0
Thuốc đặc trị COVID-19 mới được phát hiện,Cam kết hiệu quả tuyệt đối cho mọi bệnh nhân...,0
Bạn được hoàn tiền hóa đơn nước 6 tháng gần nhất,Xác minh tài khoản để nhận tiền...,0
Chương trình đầu tư vàng lợi nhuận 20% mỗi tuần,Số lượng nhà đầu tư tham gia có hạn...,0
Nhận hỗ trợ tài chính từ quỹ quốc tế,Điền biểu mẫu trực tuyến để đăng ký...,0
Thiết bị đeo tay giúp kéo dài tuổi thọ thêm 30 năm,Công nghệ đột phá vừa ra mắt thị trường...,0
Bạn vừa trúng thưởng 200 triệu đồng,Xác nhận thông tin để nhận giải trong hôm nay...,0
Ngân hàng BIDV nâng cấp hệ thống khách hàng,Đăng nhập theo đường link để cập nhật dữ liệu...,0
Thần dược từ Nhật Bản chữa khỏi mọi bệnh xương khớp,Hiệu quả được chứng minh với 100% người dùng...,0
Nhận miễn phí vé máy bay quốc tế,Ưu đãi đặc biệt cho khách hàng được chọn...,0
Khoản nợ xấu của bạn sẽ được xóa miễn phí,Đăng ký ngay để nhận hỗ trợ tài chính...,0
Loại vitamin mới giúp trẻ hóa cơ thể 20 năm,Được các chuyên gia nước ngoài khuyến nghị...,0
Bạn có thư triệu tập điện tử từ cơ quan chức năng,Truy cập liên kết để xem nội dung chi tiết...,0
Nhận hoàn tiền học phí từ chương trình đặc biệt,Xác nhận số tài khoản để nhận hỗ trợ...,0
Đầu tư chứng khoán cùng chuyên gia lợi nhuận 100%,Cam kết không thua lỗ trong mọi điều kiện...,0
Máy massage chữa khỏi thoát vị đĩa đệm,Hiệu quả tức thì chỉ sau vài lần sử dụng...,0
Thông báo nhận trợ cấp hưu trí bổ sung,Điền thông tin cá nhân để nhận tiền...,0
Bạn được chọn tham gia khảo sát nhận 5 triệu đồng,Hoàn thành biểu mẫu để nhận thưởng...,0
Loại nước uống mới giúp chữa khỏi bệnh tim,Được nghiên cứu bởi nhóm khoa học bí mật...,0
Ngân hàng Agribank hoàn tiền dịp lễ,Đăng nhập để xác nhận giao dịch nhận thưởng...,0
Nhận quà từ tổ chức từ thiện quốc tế,Xác minh thông tin để nhận hỗ trợ tài chính...,0
Thuốc đông y giúp mọc lại tóc sau 7 ngày,Hiệu quả với mọi trường hợp hói đầu...,0
Bạn có khoản tiền thừa kế từ nước ngoài,Liên hệ ngay để hoàn tất thủ tục nhận tiền...,0
Nhận ngay 30 triệu từ chương trình khuyến học,Chỉ cần đăng ký trực tuyến trong hôm nay...,0
Ăn loại quả này giúp sống đến 120 tuổi,Bí quyết được nhiều người nổi tiếng áp dụng...,0
Thông báo xác minh tài khoản Zalo,Nếu không thực hiện sẽ bị khóa tài khoản...,0
Nhận trợ cấp thất nghiệp đặc biệt,Cập nhật thông tin ngân hàng để nhận tiền...,0
Thiết bị năng lượng lượng tử chữa mọi bệnh,Công nghệ tiên tiến chưa từng có trên thế giới...,0
Bạn vừa trúng xổ số quốc tế,Thanh toán phí xác minh để nhận giải thưởng...,0
Khoản hỗ trợ khẩn cấp từ Bộ Lao động,Đăng ký trực tuyến để được giải ngân ngay...,0
Thần dược giảm đường huyết sau 24 giờ,Không cần thuốc tây và không tái phát...,0
Nhận ưu đãi đầu tư từ quỹ nước ngoài,Lợi nhuận cam kết cao và an toàn tuyệt đối...,0
Thông báo khẩn từ cơ quan thuế,Xác nhận thông tin cá nhân để tránh bị phạt...,0
Bạn có cơ hội nhận căn hộ miễn phí,Tham gia chương trình đặc biệt ngay hôm nay...,0
Loại tinh dầu chữa khỏi mất ngủ chỉ sau 1 đêm,Hiệu quả được nhiều chuyên gia xác nhận...,0
Ngân hàng Techcombank hoàn tiền khách hàng VIP,Xác thực OTP để nhận khoản tiền hoàn trả...,0
Nhận tài trợ kinh doanh không cần thế chấp,Đăng ký trước khi chương trình kết thúc...,0
Thiết bị AI dự đoán chính xác tương lai,Đặt mua ngay để thay đổi cuộc sống...,0
Bạn được nhận hỗ trợ y tế miễn phí,Điền thông tin để đăng ký nhận quyền lợi...,0
Thuốc gia truyền trị dứt điểm bệnh gan,Hiệu quả chỉ sau một liệu trình duy nhất...,0
Nhận tiền thưởng từ chương trình an sinh xã hội,Xác minh tài khoản ngân hàng để nhận hỗ trợ...,0
Cơ hội đầu tư lợi nhuận 1000% trong một tháng,Số lượng người tham gia giới hạn...,0
Thông báo nâng cấp ví điện tử,Đăng nhập và nhập OTP để xác minh danh tính...,0
Loại thực phẩm chức năng giúp trẻ mãi không già,Được nhiều người nổi tiếng bí mật sử dụng...,0
Bạn có khoản hoàn phí bảo hiểm chưa nhận,Truy cập liên kết để hoàn tất hồ sơ...,0
Nhận học bổng toàn phần từ quỹ quốc tế,Thanh toán lệ phí xác minh để được xét duyệt...,0
"Xe tải tông nhau trên cao tốc Bãi Vọt - Hàm Nghi, hai người chết","Cú tông giữa hai xe tải chạy cùng chiều trên cao tốc Bãi Vọt - Hàm Nghi khiến ba người mắc kẹt trong cabin, hai nạn nhân tử vong, rạng sáng 8/6.",1
Công viên Lê Thị Riêng - nơi tìm mộ chiến sĩ hy sinh 58 năm trước,"Công viên ở trung tâm TP HCM rộng 8 ha với nhiều mảng xanh, đang là nơi tìm kiếm hố chôn chiến sĩ hy sinh trong cuộc tổng tấn công và nổi dậy Xuân Mậu Thân năm 1968.",1
Quảng Ninh nghìn năm thăng trầm,"Để có được thực thể hành chính thống nhất và phát triển như hiện nay, Quảng Ninh đã trải qua hàng nghìn năm thăng trầm với nhiều lần sáp nhập, đổi tên.",1
"Tàu hỏa tông xe ben, tài xế thoát nạn trong gang tấc","Ba giây trước khi tàu hỏa đâm trúng xe tải đang mắc kẹt trên đường ray ở xã Thường Tín, tài xế đã kịp nhảy ra ngoài, tối 7/6.",1
"Bùn rơi xuống đường ở Hà Nội, hai người bị ngã","Quá trình di chuyển trên đường Võ Chí Công, nam tài xế xe tải ben phanh gấp làm bùn rơi xuống đường, hai người đi xe máy bị ngã.",1
Công đoàn: Giảm giờ làm dưới 48 tiếng không kéo giảm năng suất lao động,"Đại diện người lao động kỳ vọng luật sửa đổi sớm quy định lộ trình giảm giờ làm trong doanh nghiệp xuống 40-44 tiếng, cân bằng đời sống góp phần tăng năng suất lao động.",1
Dỡ nhà xóa nút thắt đường dẫn vào cao tốc TP HCM - Long Thành,"Nhiều hộ tháo dỡ nhà, bàn giao mặt bằng để mở rộng đường Đỗ Xuân Hợp lên 6 làn xe, xoá nút thắt tuyến dẫn vào cao tốc TP HCM - Long Thành.",1
Đề xuất siết chặt quy định nhận con nuôi,"Bộ Tư pháp đề xuất kiểm soát chặt chẽ hơn việc nhận con nuôi nhằm tăng cường sàng lọc để bảo đảm lợi ích tốt nhất cho trẻ, hạn chế tách trẻ khỏi gia đình gốc.",1
"Không khí lạnh cuối mùa tràn xuống, miền Bắc mưa lớn","Sau nhiều ngày nắng nóng gay gắt, từ chiều tối mai miền Bắc đón đợt không khí lạnh cuối mùa khiến nhiệt độ giảm mạnh, nhiều nơi mưa to.",1
"Ôtô khách tông đuôi xe container trên cao tốc Phan Thiết, 19 người bị thương","Xe khách giường nằm chở 29 người chạy trên cao tốc Dầu Giây - Phan Thiết tông đuôi xe container, 19 người bị thương, sáng 7/6.",1
Bức ảnh 58 năm trước hé lộ dấu tích hố chôn liệt sĩ ở công viên Lê Thị Riêng,Bức ảnh chụp dịp Tết Mậu Thân năm 1968 cộng với lời kể nhiều điểm tương đồng của các nhân chứng về khả năng có hố chôn tập thể liệt sĩ ở công viên trung tâm TP HCM.,1
"Việt Nam, Pháp 'vẽ bức tranh di sản' bằng ánh sáng trên sông Hàn","Tối 6/6, bầu trời sông Hàn rực sáng với màn trình diễn của hai đội Pháp và Việt Nam 2 trong đêm thi thứ hai của Lễ hội pháo hoa quốc tế Đà Nẵng 2026 mang chủ đề ""Di sản"".",1
Hàng trăm ha rừng tràm Vườn quốc gia U Minh Hạ suy kiệt,"Khoảng 300 ha rừng tràm ở Vườn quốc gia U Minh Hạ bị suy giảm nghiêm trọng, nhiều cây chết, đổ ngã, nguy cơ chuyển sang hệ sinh thái khác nếu không được phục hồi.",1
Từ đường 145 tuổi trong bệnh viện ở TP HCM sau trùng tu,"Từ đường của người Triều Châu ở Chợ Lớn trong khuôn viên bệnh viện An Bình mang diện mạo mới, đậm nét kiến trúc người Hoa sau khi trùng tu.",1
Cháy trụ sở xã miền núi ở Đà Nẵng,"Đám cháy bùng phát tại trụ sở khối Đảng ủy, Mặt trận Tổ quốc và các đoàn thể xã Thượng Đức chiều 6/6, thiêu rụi 4 phòng làm việc và một phần hồ sơ, tài liệu.",1
Điều chỉnh mức hỗ trợ phục vụ với lãnh đạo từ 20/7,"Chính phủ nâng mức hỗ trợ phục vụ đối với nhiều chức danh lãnh đạo và tướng lĩnh quân đội, công an, trong đó mức cao nhất tăng từ 400.000 đồng lên 2,7 triệu đồng mỗi tháng.",1
"UAV xuất hiện gần Nội Bài, 16 chuyến bay bị ảnh hưởng","Một thiết bị bay không người lái xuất hiện gần khu vực sân bay Nội Bài sáng 6/6 khiến hoạt động cất cánh tạm gián đoạn gần một giờ, làm chậm khởi hành 16 chuyến bay.",1
Bí thư TP HCM: Thu một triệu tỷ đồng là phép thử với đầu tàu kinh tế,"Mục tiêu thu ngân sách một triệu tỷ đồng là phép thử năng lực đầu tàu kinh tế, giúp TP HCM có thêm nguồn lực phát triển, theo Bí thư Thành ủy Trần Lưu Quang.",1
Siêu nút giao nối cao tốc TP HCM - Long Thành và Biên Hòa - Vũng Tàu mở toàn bộ,"Nút giao Long Thành, kết nối cao tốc TP HCM - Long Thành - Dầu Giây với Biên Hòa - Vũng Tàu, được thông toàn bộ các nhánh từ 18h ngày 6/6.",1
"TP HCM sẽ thí điểm 5 phường, xã xã hội chủ nghĩa","Trong 5 năm tới, TP HCM sẽ thí điểm xây dựng ít nhất 5 phường, xã xã hội chủ nghĩa nhằm nâng chất lượng sống và phát huy vai trò người dân trong quản trị cộng đồng.",1
Nhánh xà cừ cổ thụ gãy đè người đi xe máy,"Nhánh xà cừ cổ thụ đường kính hơn 60 cm trên đường 21 Tháng 8, phường Phan Rang, bất ngờ gãy, đè người đàn ông đi xe máy bị thương nặng, sáng 6/6.",1
Phó thủ tướng: Không đánh đổi môi trường lấy tăng trưởng kinh tế đơn thuần,"Phó thủ tướng Hồ Quốc Dũng yêu cầu các bộ, ngành, địa phương thúc đẩy chuyển đổi xanh, phát triển kinh tế tuần hoàn và kinh tế biển xanh.",1
Đề xuất thu phí theo chặng trên xa lộ Hà Nội,"Nhà đầu tư muốn chuyển trạm thu phí xa lộ Hà Nội từ hình thức cố định sang tính theo quãng đường xe chạy, nhằm tránh tình trạng đi chặng ngắn vẫn trả như toàn tuyến.",1
"Xe đầu kéo tông xe công nông, 3 người chết","Xe đầu kéo tông xe công nông chở người dân đi rẫy trên đường Hồ Chí Minh, đoạn qua xã Cư Jút, khiến ba người chết, ba người bị thương, sáng 6/6.",1
Quạt Chàng Sơn: Vực dậy nghề thủ công bằng công nghệ,"Khi nghề làm quạt ở Chàng Sơn ngày càng mai một, nghệ nhân Nguyễn Quang Hồng tìm cách cùng con trai đưa công nghệ vào làm mới quy trình sản xuất, giúp vực dậy và phát triển nghề truyền thống.",1
Metro Thủ Dầu Một - TP HCM có thể được làm sớm hơn 5 năm,"TP HCM đề xuất khởi công tuyến metro Thủ Dầu Một - trung tâm thành phố cuối năm nay, hoàn thành năm 2030, sớm hơn 5 năm so với kế hoạch ban đầu.",1
Biệt thự cổ miền Tây loay hoay 'tìm đường sống',"Trong hàng trăm dinh thự cổ, chỉ một số căn được trùng tu bài bản, kết hợp làm du lịch giúp người dân có thu nhập ổn định để bảo tồn hiệu quả.",1
Đề xuất phòng chống kiệt sức tại nơi làm việc,"Tổng Liên đoàn Lao động Việt Nam kiến nghị sửa Bộ luật Lao động theo hướng bổ sung quy định chăm sóc sức khỏe tâm thần, phòng chống kiệt sức tại nơi làm việc và giảm áp lực cho người lao động.",1
TP HCM đề xuất xây trước 14 ga đường sắt Thủ Thiêm - Long Thành,"Thành phố đề xuất giai đoạn đầu xây 14 trong tổng số 18 ga trên tuyến đường sắt Thủ Thiêm - Long Thành, nhằm tối ưu chi phí và phù hợp nhu cầu khai thác.",1
Bụi mù mịt trên đại công trường Thủ đô,"Nhiều công trình giao thông, thoát nước ở Hà Nội đang trở thành nguồn phát tán bụi đất, gây ô nhiễm môi trường, ảnh hưởng đến đời sống người dân.",1
Nghi hóa chất lẫn trong bêtông gây đốm lửa trên sân nhà ở Sơn La,Nhà chức trách nhận định các đốm lửa xuất hiện trên sân bêtông của một hộ dân có thể do hóa chất còn sót lại trong vật chứa kim loại phản ứng với không khí.,1
Sẽ đào 4 rãnh tìm mộ tập thể liệt sĩ từ ảnh cựu binh Mỹ,"Lực lượng chức năng thống nhất đào 4 rãnh sâu khoảng 2 m trên đường Trường Chinh, nơi nghi có mộ tập thể 70-90 liệt sĩ hy sinh trong Tết Mậu Thân 1968.",1
"Tổng Bí thư, Chủ tịch nước: Cần thay đổi tư duy về người cao tuổi","Tổng Bí thư, Chủ tịch nước Tô Lâm đề nghị chuyển từ tư duy chăm sóc đơn thuần sang phát huy vai trò người cao tuổi, coi đây là chủ thể tham gia phát triển đất nước.",1
Hà Nội được đề xuất làm chủ đầu tư hai dự án đường sắt 37.000 tỷ đồng,"Bộ Xây dựng kiến nghị giao Hà Nội làm cơ quan chủ quản dự án đường sắt quốc gia phía Nam Thủ đô với tổng vốn hơn 37.000 tỷ đồng, tạo điều kiện di dời ga Hà Nội về tổ hợp ga Ngọc Hồi.",1
Nhiều gối cầu vành đai 3 ở Hà Nội trên cao bị xô lệch,"Ít nhất 4 trụ cầu vành đai 3 trên cao đoạn Mai Dịch - Thăng Long bị xô lệch gối cầu, phải chèn tạm bằng gỗ trong lúc chờ tìm giải pháp khắc phục triệt để.",1
Bí quyết giúp cô gái trút bỏ 42 kg mỡ thừa không cần ăn kiêng,"Nhờ kiên trì tập tạ tại nhà kết hợp đĩa ăn dinh dưỡng 211, Take, 32 tuổi, giảm ngoạn mục 42 kg trong 1,5 năm để sở hữu vóc dáng thon gọn.",1
Bác sĩ cảnh báo 6 sai lầm phổ biến khiến thận bị hủy hoại,"Bác sĩ cảnh báo 6 sai lầm như bỏ bê trễ khám, uống nước quá mức, sợ thuốc tây và lạm dụng thảo dược... khiến thận bị hủy hoại.",1
Áp lực cơm áo gạo tiền đè bẹp giấc mơ sinh con của nhiều người Nhật,Việc tỷ suất sinh tại Nhật Bản lao dốc xuống mức thấp kỷ lục phản ánh thực trạng bão giá và áp lực chi phí giáo dục đắt đỏ đang đè nặng khiến giới trẻ ngại sinh con.,1
5 đồ uống mùa hè tốt cho thận,"Một số đồ uống trong mùa hè như nước chanh, nước dừa và trà xanh chứa chất chống oxy hóa hoặc điện giải, hỗ trợ giảm viêm và góp phần bảo vệ thận.",1
Quan hệ tình dục mỗi ngày để tăng sinh lý?,"Tôi thấy nhiều người nói nam giới phải quan hệ tình dục hàng ngày mới khỏe, tăng cường sinh lý và bản lĩnh, liệu có đúng? (Tú, 30 tuổi, Hà Nội).",1
Muối thừa 'ẩn' trong thực phẩm chế biến sẵn gây hại sức khỏe,"Nhiều người cho rằng ăn mặn mới có nguy cơ nạp thừa muối, song chuyên gia khuyến cáo phần lớn lượng muối dư thừa đang ""ẩn mình"" trong các loại thực phẩm chế biến sẵn, gây hại cho sức khỏe.",1
Hoại tử ngón chân do tắc động mạch,"Bà Minh, 61 tuổi, đau nhức, lạnh buốt chân suốt một tháng, tự uống thuốc, nay hai ngón chân hoại tử do tắc động mạch, phải cắt bỏ.",1
Cụ ông 91 tuổi đột quỵ lần hai,"Ông Thanh, 91 tuổi, Việt kiều Mỹ, ba năm trước bị đột quỵ, nay tái phát được truyền thuốc tiêu sợi huyết kịp thời.",1
Tưởng hạch cổ hóa ung thư hạ hầu di căn,"Ông Jayden, 62 tuổi, nổi hạch hai bên cổ 6 tháng nhưng không sụt cân, không sốt, bác sĩ chẩn đoán ung thư hạ hầu giai đoạn 4.",1
Uống nhiều cà phê đá giải khát ngày nóng?,"Mỗi ngày, tôi đều uống một cốc cà phê. Khi nắng nóng, tôi tăng lên 2-3 cốc, kèm uống nhiều đá thay nước lọc được không? (Hoàng, 29 tuổi, Hà Nội).",1
Thái tử phi Na Uy chờ ghép phổi,Hoàng gia Na Uy thông báo Thái tử phi Mette-Marit được đưa vào danh sách chờ ghép phổi do mắc bệnh phổi mạn tính đe dọa đến tính mạng.,1
Vắt chanh vào hàu sống diệt vi khuẩn?,"Nhiều người nói chanh chứa axit mạnh, khi vắt vào hàu sống có thể giết vi khuẩn, giống như nấu chín, liệu có đúng không?(Hòa, 25 tuổi, Hà Nội).",1
5 món dùng thường xuyên giúp gan khỏe,"Bổ sung cà phê, trà xanh, yến mạch, gừng và hạt chia vào chế độ ăn có thể bảo vệ tế bào gan, giảm viêm và hỗ trợ duy trì chức năng gan.",1
Thí sinh thi đại học đổ xô đi thở oxy cao áp để nạp năng lượng cho não,"Trước kỳ thi đại học khốc liệt tại Trung Quốc, nhiều học sinh đến bệnh viện trải nghiệm buồng oxy cao áp để cải thiện trí nhớ, giảm áp lực thi cử, bất chấp những cảnh báo nguy hiểm từ chuyên gia y tế.",1
Vũ điệu tìm lại sự sống của cô gái 4 lần tái phát ung thư,"Không đầu hàng trước căn bệnh u xương ác tính vẫn đang gặm nhấm cơ thể, cô gái 24 tuổi chọn cách sống trọn từng phút giây, nhảy múa truyền cảm hứng cho mọi người.",1
5 thói quen buổi sáng giúp cơ thể khỏe mạnh khi về già,"Uống đủ nước, vận động nhẹ và ăn sáng lành mạnh sau khi thức dậy có thể giúp cơ thể khỏe mạnh hơn khi tuổi tác tăng lên.",1
Điều gì xảy ra với não bộ khi uống cà phê mỗi ngày?,"Uống cà phê mỗi ngày có thể giúp tỉnh táo hơn, nhưng não bộ cũng dần thích nghi với caffeine, ảnh hưởng đến giấc ngủ, tâm trạng và khả năng nhận thức.",1
Thế kẹt của bác sĩ ung thư,"Có những ca ung thư diễn tiến nhanh, vượt khỏi mọi dự báo chuyên môn, đẩy bác sĩ ung bướu vào thế kẹt khi vừa không còn nhiều cơ hội can thiệp, vừa phải cân nhắc nói sự thật đến đâu để người bệnh không sụp đổ.",1
5 món nên ăn sau tuổi 40 giúp xương chắc khỏe,"Ăn sữa chua, đậu phụ và cá hồi thường xuyên có thể hỗ trợ duy trì mật độ xương và giảm nguy cơ loãng xương, gãy xương sau tuổi 40.",1
4 nhóm cơ khỏe hơn nhờ đi bộ,"Đi bộ giúp tăng cường các nhóm cơ mắt cá chân, đầu gối, hông và cơ bụng, từ đó thúc đẩy sức khỏe tổng thể.",1
Paget sinh dục – dạng ung thư dễ bị bỏ sót,Paget sinh dục là một dạng ung thư biểu mô tuyến tiến triển chậm và dễ bị nhầm lẫn với các bệnh da liễu thông thường.,1
Nguyên nhân tổn thương gan ngoài rượu,"Nhiễm virus viêm gan, lạm dụng một số loại thuốc hoặc thực phẩm chức năng, cùng chế độ ăn nhiều đường kéo dài có thể góp phần gây tổn thương gan ngoài rượu bia.",1
Bị mèo cào 7 ngày tiêm vaccine có kịp không?,"Tôi bị mèo nhà nuôi cào vào ngực trầy da, chảy máu nhẹ. Mèo bỏ đi vào ngày thứ 7 nên không theo dõi được, tiêm vaccine dại có kịp không? (Phương Anh, 23 tuổi, Hải Phòng)",1
Cắt bao quy đầu có cải thiện sinh lý?,"Tôi bị dài bao quy đầu nhưng vẫn sinh hoạt vợ chồng bình thường. Cắt bao quy đầu có thể kéo dài thời gian quan hệ hơn không? (Trọng Tín, TP HCM)",1
Tiêm ngừa dại khi bị dơi cắn,"Đang làm rẫy thanh long, ông Trần Hùng, 55 tuổi, phường La Gi, Lâm Đồng, bị dơi sà xuống cắn chảy máu ở cánh tay, phải tiêm 5 mũi vaccine dại.",1
5 dấu hiệu trên da cảnh báo hội chứng buồng trứng đa nang,"Mụn trứng cá, da nhờn, rậm lông là những dấu hiệu thường xuất hiện trên da của phụ nữ mắc hội chứng buồng trứng đa nang.",1
Kinh nguyệt tiết lộ điều gì về sức khỏe?,"Chu kỳ kinh nguyệt đều đặn cho thấy nội tiết tố ổn định, trong khi rong kinh hoặc mất kinh có thể liên quan đến hội chứng buồng trứng đa nang, bệnh tuyến giáp.",1
4 chỉ số sức khỏe cần theo dõi để kiểm soát bệnh tim mạch,"Theo dõi huyết áp, cholesterol, đường huyết và nhịp tim lúc nghỉ giúp phản ánh sức khỏe tim mạch và phát hiện sớm các nguy cơ như xơ vữa động mạch, đau tim.",1
Các thời điểm trẻ nên khám sức khỏe tổng quát,"Khám sức khỏe cho trẻ sơ sinh, 2-6 tuổi, tiền dậy thì, thanh thiếu niên giúp theo dõi sự phát triển thể chất, tâm sinh lý, bệnh tiềm ẩn.",1
6 món ăn dễ tiêu hóa,"Khoai lang luộc, cá hồi, trứng và cơm trắng cung cấp năng lượng cùng các dưỡng chất cần thiết, dễ tiêu hóa, giúp giảm gánh nặng cho dạ dày.",1
Vì sao trẻ sơ sinh bị méo đầu?,"Trẻ sơ sinh bị méo đầu có thể do tư thế trong tử cung, sinh non hoặc nằm một tư thế quá lâu sau sinh khiến hộp sọ mềm dễ biến dạng.",1
Da nhạy cảm có nên triệt lông bằng laser?,"Da tôi khá nhạy cảm, dễ đỏ rát và từng bị viêm nang lông. Tôi có thể triệt lông bằng laser được không, có dễ kích ứng hay để lại thâm sẹo? (Linh Đan, 28 tuổi)",1
5 tình trạng sức khỏe có thể gây khô mắt kéo dài,"Ngoài tuổi tác và thói quen nhìn màn hình kéo dài, khô mắt còn có thể là dấu hiệu sớm của một số bệnh lý như đái tháo đường hoặc rối loạn tuyến giáp.",1
Lợi ích khi ăn protein vào bữa sáng,"Bữa sáng giàu protein giúp cung cấp năng lượng, tăng cảm giác no, hỗ trợ kiểm soát đường huyết và duy trì khối lượng cơ bắp.",1
U não lành tính có cần xạ trị?,"Anh tôi được chẩn đoán u não lành tính khoảng 1 cm, có cần xạ trị không? (Thế Dũng, 43 tuổi)",1
Cuộc sống 'ngập trong tiền' của các ông trùm mafia trước khi sa lưới,"Những trùm ma túy khét tiếng như 'Vua cocaine' Pablo Escobar thu về 70 triệu USD mỗi ngày, chất đầy tiền trong kho để chuột gặm và từng đốt 2 triệu USD tiền mới để sưởi ấm cho con gái.",1
"Đề xuất bỏ kiểm tra nghiệm thu phòng cháy chữa cháy với công trình, phương tiện","Theo Bộ Công an, thẩm định thiết kế và kiểm tra nghiệm thu phòng cháy chữa cháy bản chất là cùng một mục đích, làm cả hai là không cần thiết, gây tốn kém, lãng phí thời gian và nguồn lực.",1
"Tránh xe đi sai, đâm vào nhà bên đường, tôi có phải đền?","Tôi gặp xe đi sai nên phải đánh lái lên vỉa hè để tránh gây tai nạn về người, nhưng lại làm hỏng đồ đạc của nhà ven đường, có phải đền không?",1
Người đàn ông tưới xăng đốt tiệm giặt sấy,"Người đàn ông mang chai xăng vào tiệm giặt sấy, khiến hỏa hoạn bùng phát, bản thân bị bỏng nặng phải nhập viện cấp cứu.",1
Bà chủ Vải áo dài Đất Lành bị khởi tố vì dùng AI sao chép thiết kế,"Hoàng Thị Bích Ngọc, 40 tuổi, chủ thương hiệu Vải áo dài Đất Lành bị cáo buộc dùng AI sao chép mẫu thiết kế của thương hiệu khác để sản xuất, kinh doanh quy mô lớn.",1
"Hai thanh niên 'dương tính với ma túy' thông chốt, đâm ngã CSGT","Điều khiển xe máy khi đã sử dụng ma túy và rượu bia, Bùi Văn Đạt không chấp hành hiệu lệnh, đâm ngã trung tá cảnh sát giao thông.",1
Người ra tù có thể được vay 100% chi phí đi xuất khẩu lao động,"Bộ Công an đề xuất cho phạm nhân cải tạo xong được vay 100% chi phí đi xuất khẩu lao động, nếu dưới 200 triệu đồng mà không cần tài sản đảm bảo, lãi suất như với hộ nghèo.",1
Cựu trưởng Ban Tổ chức Tỉnh ủy ở miền Tây bị bắt,"Ông Võ Chí Công bị cáo buộc khi làm Trưởng Ban Tổ chức Tỉnh ủy Sóc Trăng đã cùng cấp dưới lập khống hồ sơ chứng từ quyết toán 3,8 tỷ đồng tiền chính sách.",1
Cựu lính thủy đánh bộ Mỹ tay không chống trả nhóm cầm súng cướp xe,Jheyco Borda cho rằng kinh nghiệm huấn luyện chiến đấu tay không trong thủy quân lục chiến đã cứu sống anh trong vụ cướp bất thành.,1
Sắp xét xử 5 người đầu tiên trong vụ án 'chết sau hai ngày' vào trung tâm công tác xã hội,"TAND tỉnh Quảng Ninh sẽ xét xử 5 bị cáo trong vụ án cố ý gây thương tích, liên quan cái chết của học viên trẻ mới vào Trung tâm công tác xã hội Hải Hà được hai ngày.",1
Người đàn ông Pháp 10 năm đòi tài sản vợ cũ nhờ gia đình đứng tên,"Được tòa tuyên hưởng một nửa khối tài sản gần 18 tỷ đồng, một phần đứng tên người thân của vợ cũ, song ông Dominique vẫn chưa nhận được tài sản sau 10 năm theo kiện.",1
Vướng mắc thủ tục hoàn thuế: Cần làm gì khi người phụ thuộc có hai mã số thuế?,"Do sức khỏe yếu, mẹ tôi nghỉ việc nhiều năm trước. Năm ngoái, khi đến tuổi nghỉ hưu, tôi mới đăng ký mẹ là người phụ thuộc.",1
Phút quyết định giúp tránh phá dỡ căn nhà 66 m2 xây nhầm trên đất hàng xóm,"Trước bản án buộc tháo dỡ một căn nhà xây nhầm trên đất người khác, chấp hành viên Đỗ Đình Hoàng trăn trở nhiều ngày giữa lựa chọn làm theo phán quyết hay tìm cách khác tốt hơn.",1
Bí ẩn người đàn ông bỏ chạy khỏi sân bay rồi biến mất suốt 12 năm,Kỳ nghỉ hè cùng bạn bè bên bờ Biển Đen năm 2014 của Lars Mittank khép lại bằng cuộc bỏ chạy khỏi sân bay và vụ mất tích chưa có lời giải.,1
Tài xế 'có nồng độ cồn' gây tai nạn liên hoàn ở Hà Nội bị khởi tố,"Tài xế Nguyễn Văn Sáu điều khiển ôtô khi có nồng độ cồn 0,264 mg/l khí thở, gây tai nạn liên hoàn trên phố Nguyễn Chánh khiến một phụ nữ tử vong.",1
Khiêng quan tài diễu phố trong tiệc sinh nhật,"Đám đông mang quan tài có chứa người sống trong tiệc sinh nhật, sau đó khiêng giễu phố ở phường Sóc Trăng.",1
Xưởng sản xuất hàng chục nghìn đôi dép 'hàng hiệu' ở TP HCM,"Đặng Phước Đạt, 30 tuổi và vợ Vũ Thị Thu Thủy, 27 tuổi, mở xưởng sản xuất dép 'hàng hiệu' giả như Nike, Adidas, Crocs, Gucci..., thu lợi hàng chục tỷ đồng.",1
"Hai cơ sở sản xuất, bán hàng hiệu giả quy mô lớn bị phát hiện ở Cần Thơ","Tiệm Thanh Dương Luxury sản xuất hàng nghìn đôi dép giả thương hiệu Hermes, Gucci, Burberry, LV, Dior, Versace...., bán qua mạng giá từ 600.000 đến 2,2 triệu đồng.",1
Xe nào buộc phải lắp ghế an toàn cho trẻ em từ 1/7?,"Khi chở trẻ em dưới 10 tuổi và chiều cao dưới 1,35 m trên ôtô, tài xế không được để ngồi cùng hàng ghế và phải sử dụng thiết bị an toàn phù hợp cho trẻ, trừ xe kinh doanh vận tải.",1
Đằng sau những khoản phạt khổng lồ trong các vụ kiện ở Mỹ,"Từ vụ kiện cốc cà phê nóng của McDonald's đến những án phạt hàng trăm triệu USD, đằng sau các khoản tiền phạt gây chú ý ở Mỹ là một cơ chế pháp lý đặc biệt nhằm trừng phạt và ngăn ngừa.",1
"Có thể 'bóc phốt' vợ cũ không chu cấp nuôi con, thường xuyên khoe ăn chơi?","Tôi được tòa tuyên trực tiếp nuôi dưỡng 2 con, vợ chu cấp 2 triệu đồng mỗi tháng nhưng cô ấy không thăm gặp, không gửi tiền, còn thường xuyên đăng ảnh ăn chơi sang chảnh.",1
Đề xuất thu hồi chứng chỉ luật sư trong nhiều trường hợp,"Luật sư không hành nghề 12 tháng, không còn đáp ứng tiêu chuẩn nghề nghiệp hoặc kiêm nhiệm một số chức danh tư pháp khác có thể bị thu hồi chứng chỉ.",1
Thêm hai người bị bắt trong vụ bờ kè đổ sau bão Yagi,Giám đốc doanh nghiệp và nguyên trưởng phòng quản lý đô thị bị cáo buộc sai phạm trong vụ bờ kè bị gãy đổ sau bão Yagi gây thiệt hại hơn 13 tỷ đồng.,1
Án mạng bế tắc 38 năm được phá nhờ con mắt tinh tường của thám tử,"Khi xem lại ảnh hiện trường vụ án cũ, thám tử phát hiện một chi tiết nhỏ đã bị bỏ qua, giúp tìm ra hung thủ sát hại thiếu nữ Janie Landers từ năm 1979.",1
"Phú bà phải bồi thường 176 triệu USD vì say rượu, tông chết 2 cậu bé","Bà Rebecca Grossman, người sáng lập quỹ từ thiện lớn, bị cáo buộc lái xe 130km/h, gần gấp đôi mức cho phép, sau khi say rượu và tông chết 2 bé trai đang đi bộ sang đường.",1
Ba mẹ con điều hành đường dây mua bán hơn 4.000 tài khoản ngân hàng,"Thu gom tài khoản ngân hàng của hàng trăm người, Nguyễn Tuyết Vũ Oanh cùng mẹ và em gái đã mua bán, cho thuê hơn 4.000 tài khoản phục vụ hoạt động phi pháp.",1
Người phụ nữ 37 tuổi đóng giả bé gái 12 tuổi để lừa đảo,"Kẻ lừa đảo sử dụng bình sữa, núm vú giả để đóng vai bé gái, nói dối bị ngược đãi nhằm thuyết phục một cặp vợ chồng cưu mang mình suốt 14 tháng.",1
Cụ ông 80 tuổi tử vong bất thường trong nhà,"Không liên lạc được với cụ ông 80 tuổi sống một mình, người thân đến nhà tìm thì phát hiện nạn nhân đã tử vong, hiện trường có nhiều máu, đồ đạc xáo trộn.",1
Livestream bán hàng trăm bộ kích điện bắt cá,"Dù kích điện là công cụ bị cấm do gây tận diệt nguồn lợi thủy sản, Nguyễn Vũ Phương vẫn livestream quảng cáo và bán gần 700 bộ cho khách.",1
Hiệu trưởng bị bắt với cáo buộc nhận hối lộ,"Ông Nguyễn Ngọc Đông, Hiệu trưởng Trường Tiểu học số 2 Quảng Phúc, bị bắt để điều tra hành vi nhận hối lộ.",1
Nhiều người nước ngoài 'phê' ma túy trong khách sạn ở TP HCM,"Cảnh sát kiểm tra nhiều khách sạn, phát hiện hàng chục người Malaysia, Indonesia sử dụng ma túy và nghi liên quan hoạt động lừa đảo công nghệ cao.",1
Lòng tham của gã con rể sống nhờ bố mẹ vợ đại gia,"Từng là cầu thủ bóng chày thành công, Dan Serafini lấy con gái đại gia bất động sản rồi âm mưu giết bố mẹ vợ để chiếm đoạt tiền thừa kế sau nhiều năm sống phụ thuộc.",1
Đề xuất giảm một nửa quy trình trở thành luật sư,"Quy trình trở thành luật sư được đề xuất từ 4 bước rút xuống còn 2, nhằm đơn giản hóa thủ tục hành chính song vẫn đảm bảo chất lượng hành nghề.",1
"Chơi casino hợp pháp ở nước ngoài, thắng tiền có được mang về nước?","Trong chuyến du lịch Singapore, anh Minh được nhóm bạn rủ vào một khu casino để thử vận may. Anh chơi cho biết vài ván nhưng không ngờ thắng lớn.",1
"Hàng loạt người sập bẫy đường dây giả gái xinh, mất 36 tỷ đồng","Nguyễn Đăng Dũng cùng 23 đồng phạm bị cáo buộc lập đường dây lừa đảo, giả gái xinh kết bạn, dụ 63 người làm nhiệm vụ mua hàng để chiếm đoạt hơn 36 tỷ đồng.",1
Bài toán phát triển nhiên liệu hàng không từ dầu thải của Nhật Bản,"Nhật Bản tận dụng từng giọt dầu thừa thải ra trong quá trình nấu nướng của hộ gia đình để sản xuất nhiên liệu hàng không, với mục tiêu đạt 10% nguồn cung vào 2030.",1
Nhiều gia đình 'thắt lưng buộc bụng' nhưng hóa đơn vẫn phình to,"Tiền nhà, thực phẩm, học phí và lãi vay đồng loạt tăng khiến nhiều hộ gia đình phải co kéo chi tiêu, trong khi khoản tiền để dành ngày càng thu hẹp.",1
Giá vàng tuần này dự báo tiếp tục giảm,Phần lớn chuyên gia Phố Wall dự báo vàng thế giới tiếp tục lao dốc sau khi giảm hơn 210 USD trong tuần trước.,1
Hai con ông Nguyễn Đức Thụy gia nhập Sacombank,Con trai và con gái của Phó chủ tịch thường trực Sacombank Nguyễn Đức Thụy lần lượt được bổ nhiệm làm trợ lý cho Hội đồng quản trị và Tổng giám đốc ngân hàng.,1
EVN hết lỗ lũy kế hợp nhất,"Hết năm 2025, Tập đoàn Điện lực Việt Nam (EVN) ghi nhận lợi nhuận lũy kế chưa phân phối hợp nhất 5.533 tỷ đồng, đảo chiều so với mức âm 38.688 tỷ cuối 2024.",1
Bitcoin tăng trở lại sau khi thủng mốc 60.000 USD,Bitcoin đảo chiều tăng 5% nhờ lực cầu giải ngân khi giá xuống sát 59.100 USD - vùng giá thấp nhất một năm rưỡi.,1
Công ty ông Johnathan Hạnh Nguyễn làm chủ tịch tính chia cổ tức kỷ lục,"Sasco, công ty do ông Johnathan Hạnh Nguyễn làm chủ tịch, lên kế hoạch chia cổ tức bằng tiền mặt hơn 46%, tức mỗi cổ phiếu nhận trên 4.600 đồng.",1
Quỹ đầu tư vàng lớn nhất thế giới liên tục xả hàng,"Quỹ đầu tư SPDR Gold Trust bán ròng từ giữa tháng 5 và chỉ còn nắm giữ 1.025 tấn vàng, mức thấp nhất 8 tháng trở lại đây.",1
TCBS có Quyền Tổng giám đốc mới,"Bà Trần Thị Thu Trang, người đã có 12 năm làm việc tại TCBS, được bổ nhiệm làm Quyền Tổng giám đốc công ty.",1
"Sẽ ban hành cơ chế tín dụng, đặt hàng 1.000 doanh nghiệp tiên phong","Bộ Tài chính dự kiến ban hành thông tư về chương trình hỗ trợ 1.000 doanh nghiệp tiên phong - nhóm có khả năng dẫn dắt, lan tỏa công nghệ, chuỗi giá trị.",1
Ông Lê Hồng Minh: 'Cổ phiếu VNG chưa phản ánh đúng giá trị thực',"Ông Lê Hồng Minh cho rằng giá lẫn thanh khoản của VNG chưa phản ánh đúng giá trị do khối lượng lên sàn ít và ban lãnh đạo ""không hứa hẹn hoành tráng"".",1
Nguy cơ giá dầu tăng vọt khi dự trữ toàn cầu bị rút cạn,Giá dầu Brent giao ngay có thể lên 150-160 USD một thùng thời gian tới nếu tồn kho dầu toàn cầu xuống thấp chưa từng thấy.,1
Giá vàng miếng về sát mốc 150 triệu đồng,"Các thương hiệu bán ra vàng miếng quanh mức 150,2 triệu đồng một lượng, giảm gần 41 triệu đồng so với đỉnh hôm 2/3.",1
"Nhập khẩu đá quý, kim loại quý tăng gần 300%","Việt Nam chi gần 1,5 tỷ USD nhập khẩu đá quý, kim loại quý và sản phẩm trong 5 tháng đầu năm, tăng 284% so với cùng kỳ năm ngoái.",1
Giá vàng thế giới xuống thấp nhất 2 tháng,"Mỗi ounce vàng giảm gần 150 USD trong phiên cuối tuần, kéo giá xuống thấp nhất kể từ cuối tháng 3.",1
Lý do thương hiệu phương Tây dễ 'hồi sinh' khi về tay Trung Quốc,"Nhờ làm chủ chuỗi cung ứng và khả năng tiếp thị số mạnh mẽ, doanh nghiệp Trung Quốc dễ hồi sinh các thương hiệu phương Tây sau thâu tóm.",1
'Bao bì cũng cần bền vững khi làm sản phẩm xanh',"Sản phẩm xanh không chỉ nằm ở nguyên liệu hay quy trình sản xuất bền vững mà còn ở vòng đời của bao bì, theo chuyên gia.",1
Được và mất gì khi dồn hết tiền vào gửi tiết kiệm?,"Gửi tiết kiệm giúp ngủ ngon hơn, nhưng liệu có phải là lựa chọn tối ưu cho mọi khoản tiền mà bạn đang có?",1
"Giá phân bón tăng cao, nông dân thêm áp lực chi phí","Tháng 5, giá nhiều loại phân bón tăng thêm khoảng 100.000 đồng mỗi bao 50 kg, đẩy chi phí đầu vào của nông dân lên cao trong vụ hè thu.",1
Đại diện Bộ Công Thương: Không nên vội quy kết sự cố xe do chất lượng xăng E10,"Đại diện Bộ Công Thương cho rằng các thông tin về xe gặp sự cố sau khi đổ xăng E10 cần được xác minh nguyên nhân cụ thể, thay vì vội quy kết cho chất lượng nhiên liệu.",1
Chủ Jackpot hơn 83 tỷ đồng không đeo mặt nạ nhận giải,"Chiều 5/6, anh Bùi Văn Mạnh nhận Jackpot hơn 83 tỷ đồng và cũng là người trúng giải trị giá lớn nhất công khai danh tính trong 10 năm qua.",1
Tiền vào chứng khoán thấp nhất một năm,"Nhà đầu tư sang tay chưa đến 14.000 tỷ đồng trong phiên cuối tuần, giảm hơn 8.000 tỷ đồng so với phiên trước, xuống thấp nhất kể từ tháng 4/2025.",1
VinaCapital: Hơn 70% cổ phiếu Việt có định giá thấp như thời khủng hoảng,"Theo dữ liệu của VinaCapital, hơn 70% cổ phiếu đang giao dịch dưới mức P/E 10 lần, vùng định giá thường chỉ xuất hiện trong các giai đoạn khủng hoảng.",1
Gần 2 triệu người thành triệu phú năm 2025 nhờ chứng khoán,"Nghiên cứu của Capegmini cho thấy thị trường chứng khoán toàn cầu tăng tốc, đặc biệt là cổ phiếu liên quan AI, đã kéo tài sản của giới giàu lên cao.",1
Sàn giao dịch carbon dự kiến được thí điểm trong tháng 6,Bộ Nông nghiệp và Môi trường cho biết việc vận hành thí điểm sàn giao dịch carbon trong nước có thể được triển khai trong tháng 6.,1
Giá vàng tiếp tục lùi về dưới 154 triệu đồng,"Giá vàng trong nước giảm mạnh hơn so với thế giới về 153,8 triệu đồng, mức thấp nhất nửa năm, chênh lệch được thu hẹp xuống dưới 13 triệu đồng một lượng.",1
Xuất khẩu dầu của Iran thấp nhất 6 năm,Chiến dịch phong tỏa của Mỹ phần nào khiến xuất khẩu dầu của Iran trong tháng 5 chỉ bằng 15% so với tháng trước đó.,1
Đề xuất giao địa phương kiểm kê khí nhà kính hàng năm,"UBND cấp tỉnh có thể thực hiện kiểm kê khí nhà kính hàng năm và chủ động quản lý các cơ sở phát thải trên địa bàn, theo dự thảo Luật Bảo vệ môi trường (sửa đổi).",1
Ông Trump công bố gói cứu trợ 700 triệu USD vực dậy ngành than,"Ông Trump công bố gói hỗ trợ 700 triệu USD để cứu ngành than, phần lớn khoản chi viện dẫn quyền hạn khẩn cấp cho Tổng thống thời Chiến tranh lạnh.",1
Đề xuất không bắt buộc công ty chứng khoán ký hợp đồng giấy với nhà đầu tư,"Bộ Tài chính đề xuất mở rộng hình thức giao kết hợp đồng giữa công ty chứng khoán với nhà đầu tư, thay vì phải ký bằng văn bản như quy định hiện hành.",1
Ông Trump lặng lẽ tái khởi động cỗ máy áp thuế,"Tổng thống Mỹ đang tìm cách khôi phục các mức thuế nhập khẩu cũ, nhưng theo cách thận trọng, lâu dài và không ồn ào như trước đây.",1
Đức bối rối xử lý hàng tỷ euro bị 'lãng quên',"Hàng tỷ euro đang nằm trong các tài khoản ngân hàng bị lãng quên, khiến giới chức và tổ chức tài chính tại Đức bối rối tìm hướng xử lý.",1
"Nhà riêng, nhà phố TP HCM giảm giá vì khó bán","Phân khúc nhà riêng, nhà phố tại TP HCM ghi nhận xu hướng giảm giá bán trong bối cảnh thanh khoản thị trường suy yếu, người mua thận trọng.",1
Đại gia chăn nuôi tính xây 3-5 chung cư nuôi heo giảm thải tại Hà Nội,"Mỗi chung cư của BAF dự kiến có khoảng 8.400 heo nái, xuất 250.000 heo thịt một năm, tuần hoàn toàn bộ nước, chất thải cho hoạt động vệ sinh, tưới tiêu.",1
Taxi điện Green SM Limo ra mắt Ấn Độ,"Green SM mở dịch vụ taxi điện dùng xe VinFast Limo Green tại Ấn Độ, thị trường thứ 5 của hãng sau Việt Nam, Lào, Indonesia và Philippines, hôm 5/6.",1
